{
  "frame0_tag1": [
    1.29285591647929,
    0.4987817138356596,
    0.3469900290644288
  ],
  "frame1_tag1": [
    1.2563222468430677,
    0.4972039002407654,
    0.3531863751236053
  ],
  "frame2_tag1": [
    1.218657991588527,
    0.4954761291522679,
    0.3541039358365716
  ],
  "frame3_tag1": [
    1.1847143027347258,
    0.5004146700200877,
    0.34869184826233557
  ],
  "frame4_tag1": [
    1.1504767067662482,
    0.5017327974404852,
    0.34637996008821414
  ],
  "frame5_tag1": [
    1.1126549228503275,
    0.5011533442965298,
    0.3472305161796192
  ],
  "frame6_tag1": [
    1.0751576562658578,
    0.4983170944091642,
    0.3496526793925173
  ],
  "frame7_tag1": [
    1.0393094686850033,
    0.4999391906356507,
    0.3467083331713844
  ],
  "frame8_tag1": [
    1.004797853267164,
    0.50515219513221,
    0.3410070816584192
  ],
  "frame9_tag1": [
    0.9703968739551031,
    0.5080855619693662,
    0.3364430666256164
  ],
  "frame10_tag1": [
    0.9686351925573717,
    0.47007346285793883,
    0.3409976590814292
  ],
  "frame11_tag1": [
    1.0050573640342209,
    0.46931938463309025,
    0.34178073341911763
  ],
  "frame12_tag1": [
    1.041657498741777,
    0.46713526020747254,
    0.3452962485164728
  ],
  "frame13_tag1": [
    1.0759003066359214,
    0.46397081592345296,
    0.34693925030331285
  ],
  "frame14_tag1": [
    1.1092494580170442,
    0.4576195321527542,
    0.3546497679038326
  ],
  "frame15_tag1": [
    1.1470045889409866,
    0.4575172976074319,
    0.35428265853059693
  ],
  "frame16_tag1": [
    1.1843404860159734,
    0.4612507679636435,
    0.35361882532220723
  ],
  "frame17_tag1": [
    1.2227779938149839,
    0.4695186440063277,
    0.346185821275119
  ],
  "frame18_tag1": [
    1.2592169911800077,
    0.4695078975560949,
    0.34821938360252547
  ],
  "frame19_tag1": [
    1.2978087631005197,
    0.47178478015165193,
    0.3443923044096884
  ],
  "frame20_tag1": [
    1.2945902270956453,
    0.4278704435996652,
    0.3495164696197526
  ],
  "frame21_tag1": [
    1.2559531356667406,
    0.42563579946997204,
    0.35447675435349946
  ],
  "frame22_tag1": [
    1.2194234408908744,
    0.42384893923080075,
    0.35564102754178795
  ],
  "frame23_tag1": [
    1.1828263839773867,
    0.42467156811937234,
    0.3542935849077954
  ],
  "frame24_tag1": [
    1.14965918340648,
    0.42461912889870385,
    0.3532094096504206
  ],
  "frame25_tag1": [
    1.1102804825076418,
    0.42253827529351284,
    0.3538255142857353
  ],
  "frame26_tag1": [
    1.0753286621835705,
    0.42324334090210325,
    0.353038520483004
  ],
  "frame27_tag1": [
    1.0403909648891134,
    0.4275517106906935,
    0.34835103059218153
  ],
  "frame28_tag1": [
    1.005595220823709,
    0.42675852665844255,
    0.3475212058938758
  ],
  "frame29_tag1": [
    0.9703368354285344,
    0.43073591116964,
    0.34052584200753233
  ],
  "frame30_tag1": [
    0.9685215628587425,
    0.39280967248022025,
    0.34754120048753223
  ],
  "frame31_tag1": [
    1.0052375877542479,
    0.3889605307884423,
    0.35052916544704704
  ],
  "frame32_tag1": [
    1.0384536632782686,
    0.3861943821262475,
    0.35306351976610895
  ],
  "frame33_tag1": [
    1.0766529889532321,
    0.3866236552920572,
    0.3525722365501829
  ],
  "frame34_tag1": [
    1.1129488993587484,
    0.3882263087163737,
    0.3536425653463928
  ],
  "frame35_tag1": [
    1.1488468323225303,
    0.38992613117916824,
    0.35420255022622316
  ],
  "frame36_tag1": [
    1.1850937400223787,
    0.3902416315748599,
    0.35574460566626054
  ],
  "frame37_tag1": [
    1.2185021136323828,
    0.38654280373430006,
    0.3579200929173688
  ],
  "frame38_tag1": [
    1.255209276293437,
    0.38857577553580475,
    0.3591318883796928
  ],
  "frame39_tag1": [
    1.2932646742815281,
    0.39232275894276586,
    0.35490638648175776
  ],
  "frame40_tag1": [
    1.299972962659555,
    0.36277292898848573,
    0.3482510290448455
  ],
  "frame41_tag1": [
    1.2609696200383884,
    0.35901097856841685,
    0.34946681043401695
  ],
  "frame42_tag1": [
    1.2231180217662665,
    0.355331770021691,
    0.35196310883220605
  ],
  "frame43_tag1": [
    1.1840940940061258,
    0.3509007608585798,
    0.3567573470540455
  ],
  "frame44_tag1": [
    1.147945263737013,
    0.3494019931862368,
    0.3560596802638749
  ],
  "frame45_tag1": [
    1.1106779855924747,
    0.34796405482244247,
    0.36120075966422416
  ],
  "frame46_tag1": [
    1.0762547695736369,
    0.3506350477586304,
    0.3538686253932364
  ],
  "frame47_tag1": [
    1.0396323474909699,
    0.3525775144396066,
    0.3535115187699067
  ],
  "frame48_tag1": [
    1.006652405574761,
    0.35512757271150336,
    0.3501245251588423
  ],
  "frame49_tag1": [
    0.9696500996389753,
    0.35919714135154557,
    0.3473586923036551
  ],
  "frame50_tag1": [
    0.9715392114991438,
    0.32030758964979666,
    0.3478956303420013
  ],
  "frame51_tag1": [
    1.0072100579133803,
    0.31763430971611456,
    0.3510623424467536
  ],
  "frame52_tag1": [
    1.0396402730155612,
    0.3149693950943246,
    0.3574276129829552
  ],
  "frame53_tag1": [
    1.0755597217423507,
    0.3117871151860906,
    0.3590695325652957
  ],
  "frame54_tag1": [
    1.112626092614605,
    0.31449951013519734,
    0.35883522867258344
  ],
  "frame55_tag1": [
    1.148605062176706,
    0.3159802637662759,
    0.3572030047604593
  ],
  "frame56_tag1": [
    1.1854836115771503,
    0.31605326387556454,
    0.3557443859559717
  ],
  "frame57_tag1": [
    1.2223172833033344,
    0.3166945885818578,
    0.35501175755941405
  ],
  "frame58_tag1": [
    1.2596084713613769,
    0.31886839849316695,
    0.35180884692511727
  ],
  "frame59_tag1": [
    1.2993166866883374,
    0.32482957297792575,
    0.3501697531127054
  ],
  "frame60_tag1": [
    1.3005911974876698,
    0.2908832485109691,
    0.34849849906580066
  ],
  "frame61_tag1": [
    1.259740728438812,
    0.28277340934721606,
    0.3549597648653473
  ],
  "frame62_tag1": [
    1.2211066248776417,
    0.2802282043898021,
    0.3593490075419372
  ],
  "frame63_tag1": [
    1.1831007290987623,
    0.2762036542852188,
    0.364020486738702
  ],
  "frame64_tag1": [
    1.147243829146344,
    0.2733513047780796,
    0.3643291352387157
  ],
  "frame65_tag1": [
    1.1126456707705406,
    0.27485665600348763,
    0.36036498602414724
  ],
  "frame66_tag1": [
    1.077513101546439,
    0.27630979065831296,
    0.3596969993151241
  ],
  "frame67_tag1": [
    1.0419369221638808,
    0.28050706675650694,
    0.35518875112259096
  ],
  "frame68_tag1": [
    1.0083131182074567,
    0.2843805992991925,
    0.3504661794717465
  ],
  "frame69_tag1": [
    0.9725180238944569,
    0.2879774279876523,
    0.34669710880121996
  ],
  "frame70_tag1": [
    0.9706636027688018,
    0.24665908221044625,
    0.3515443552488826
  ],
  "frame71_tag1": [
    1.0076519807008881,
    0.24264001483562703,
    0.35767038183601163
  ],
  "frame72_tag1": [
    1.041544250799363,
    0.24289366334730772,
    0.35760409076615307
  ],
  "frame73_tag1": [
    1.0777966168119018,
    0.24124348176782506,
    0.3601594242358561
  ],
  "frame74_tag1": [
    1.1126562516989202,
    0.24071553136642554,
    0.36211764487441
  ],
  "frame75_tag1": [
    1.150782584926118,
    0.24299197843207304,
    0.36056206066004526
  ],
  "frame76_tag1": [
    1.1886270937779724,
    0.24381443510957124,
    0.3565182552706886
  ],
  "frame77_tag1": [
    1.225424111126319,
    0.24724578474587755,
    0.3551765191054128
  ],
  "frame78_tag1": [
    1.264349252783967,
    0.2500672264331706,
    0.34911130485083375
  ],
  "frame79_tag1": [
    1.3007030183101782,
    0.2535276856297971,
    0.35116276780117295
  ],
  "frame80_tag1": [
    1.3018257722661177,
    0.21630796808161007,
    0.3502131052345039
  ],
  "frame81_tag1": [
    1.2640754359668518,
    0.21183506128046442,
    0.35132096726398354
  ],